<?xml version="1.0" encoding="UTF-8"?>
<configurationDescriptor version="62">
  <logicalFolder name="root" displayName="root" projectFiles="true">
    <logicalFolder name="HeaderFiles"
                   displayName="Header Files"
                   projectFiles="true">
           <itemPath>ADC_UART_Burst.h</itemPath>
<itemPath>ADC_UART_Burst_private.h</itemPath>
<itemPath>ADC_UART_Burst_types.h</itemPath>
<itemPath>MCHP_modelInclude.h</itemPath>
<itemPath>rtmodel.h</itemPath>
<itemPath>rtwtypes.h</itemPath>

    </logicalFolder>
    <logicalFolder name="LibraryFiles"
                   displayName="Library Files"
                   projectFiles="true">
           
    </logicalFolder>
    <logicalFolder name="LinkerFiles"
                   displayName="Linker Files"
                   projectFiles="true">
           
    </logicalFolder>
    <logicalFolder name="ObjectFiles"
                   displayName="Object Files"
                   projectFiles="true">
           
    </logicalFolder>
    <logicalFolder name="SourceFiles"
                   displayName="Source Files"
                   projectFiles="true">
           <itemPath>ADC_UART_Burst.c</itemPath>
<itemPath>ADC_UART_Burst_data.c</itemPath>
<itemPath>ADC_UART_Burst_main.c</itemPath>
<itemPath>MCHP_ADC_Interrupt.c</itemPath>
<itemPath>MCHP_UART4_Rx_Interrupt.c</itemPath>
<itemPath>MCHP_UART4_Tx.Interrupt.c</itemPath>

    </logicalFolder>
    <logicalFolder name="ExternalFiles"
                   displayName="Important Files"
                   projectFiles="false">
           <itemPath>../ADC_UART_Burst.slx</itemPath>

      <itemPath>Makefile</itemPath>
    </logicalFolder>
  </logicalFolder>
  <projectmakefile>Makefile</projectmakefile>
  <confs>
    <conf name="Simulink" type="2">
      <toolsSet>
        <developmentServer>localhost</developmentServer>
        <targetDevice>PIC32MZ2048EFG100</targetDevice>
        <targetHeader></targetHeader>
        <platformTool>PICkit3PlatformTool</platformTool>
        <languageToolchain>XC32</languageToolchain>
        <languageToolchainVersion>0.0</languageToolchainVersion>
        <platform>3</platform>
      </toolsSet>
      <compileType>
        <linkerTool>
          <linkerLibItems>
          </linkerLibItems>
        </linkerTool>
      </compileType>
      <C32>
        <property key="extra-include-directories" value=""/>
        <property key="optimization-level" value="3"/>
      </C32>
      <C32-AS>
      </C32-AS>
      <C32-LD>
        <property key="extra-lib-directories" value=""/>
      </C32-LD>
      <C32Global>
      </C32Global>
      <PICkit3PlatformTool>
      </PICkit3PlatformTool>
    </conf>
  </confs>
</configurationDescriptor>
